{"age": {"counts": [17, 6, 23, 9, 40, 79, 57, 142, 143, 165, 317, 244, 440, 287, 326, 474, 365, 473, 277, 225, 281, 159, 164, 93, 63, 64, 22, 22, 7, 16], "bin_edges": [18.0, 20.4, 22.8, 25.2, 27.6, 30.0, 32.4, 34.8, 37.2, 39.599999999999994, 42.0, 44.4, 46.8, 49.2, 51.6, 54.0, 56.4, 58.8, 61.199999999999996, 63.6, 66.0, 68.4, 70.8, 73.19999999999999, 75.6, 78.0, 80.4, 82.8, 85.2, 87.6, 90.0]}, "smoking_years": {"counts": [2802, 42, 55, 38, 97, 125, 130, 80, 167, 165, 184, 87, 191, 158, 100, 127, 105, 88, 34, 67, 59, 38, 18, 16, 11, 12, 1, 0, 2, 1], "bin_edges": [0.0, 1.7333333333333334, 3.466666666666667, 5.2, 6.933333333333334, 8.666666666666668, 10.4, 12.133333333333333, 13.866666666666667, 15.600000000000001, 17.333333333333336, 19.066666666666666, 20.8, 22.533333333333335, 24.266666666666666, 26.0, 27.733333333333334, 29.46666666666667, 31.200000000000003, 32.93333333333334, 34.66666666666667, 36.4, 38.13333333333333, 39.86666666666667, 41.6, 43.333333333333336, 45.06666666666667, 46.800000000000004, 48.53333333333333, 50.266666666666666, 52.0]}, "air_pollution_index": {"counts": [93, 64, 59, 112, 157, 144, 242, 296, 237, 331, 378, 293, 382, 421, 287, 322, 294, 184, 211, 168, 98, 62, 66, 29, 29, 20, 8, 6, 4, 3], "bin_edges": [20.0, 23.666666666666668, 27.333333333333332, 31.0, 34.666666666666664, 38.33333333333333, 42.0, 45.666666666666664, 49.33333333333333, 53.0, 56.666666666666664, 60.33333333333333, 64.0, 67.66666666666666, 71.33333333333333, 75.0, 78.66666666666666, 82.33333333333333, 86.0, 89.66666666666666, 93.33333333333333, 97.0, 100.66666666666666, 104.33333333333333, 108.0, 111.66666666666666, 115.33333333333333, 119.0, 122.66666666666666, 126.33333333333333, 130.0]}, "bmi": {"counts": [220, 118, 172, 0, 275, 300, 0, 427, 459, 0, 522, 491, 478, 0, 393, 306, 0, 278, 189, 0, 146, 100, 66, 0, 32, 12, 0, 8, 5, 3], "bin_edges": [16.0, 16.7, 17.4, 18.1, 18.8, 19.5, 20.2, 20.9, 21.6, 22.3, 23.0, 23.7, 24.4, 25.1, 25.799999999999997, 26.5, 27.2, 27.9, 28.6, 29.299999999999997, 30.0, 30.7, 31.4, 32.099999999999994, 32.8, 33.5, 34.2, 34.9, 35.599999999999994, 36.3, 37.0]}, "oxygen_saturation": {"counts": [81, 0, 39, 0, 34, 0, 72, 0, 85, 0, 113, 0, 141, 0, 177, 0, 209, 0, 234, 0, 242, 0, 818, 0, 799, 0, 690, 0, 611, 655], "bin_edges": [85.0, 85.5, 86.0, 86.5, 87.0, 87.5, 88.0, 88.5, 89.0, 89.5, 90.0, 90.5, 91.0, 91.5, 92.0, 92.5, 93.0, 93.5, 94.0, 94.5, 95.0, 95.5, 96.0, 96.5, 97.0, 97.5, 98.0, 98.5, 99.0, 99.5, 100.0]}, "crp_level": {"counts": [1947, 503, 424, 332, 240, 195, 207, 154, 153, 147, 207, 92, 81, 64, 44, 42, 40, 33, 19, 10, 28, 3, 8, 8, 5, 4, 5, 1, 3, 1], "bin_edges": [0.0, 1.1, 2.2, 3.3000000000000003, 4.4, 5.5, 6.6000000000000005, 7.700000000000001, 8.8, 9.9, 11.0, 12.100000000000001, 13.200000000000001, 14.3, 15.400000000000002, 16.5, 17.6, 18.700000000000003, 19.8, 20.900000000000002, 22.0, 23.1, 24.200000000000003, 25.3, 26.400000000000002, 27.500000000000004, 28.6, 29.700000000000003, 30.800000000000004, 31.900000000000002, 33.0]}, "exercise_hours_per_week": {"counts": [811, 0, 0, 715, 0, 0, 995, 0, 0, 964, 0, 0, 726, 0, 0, 476, 0, 0, 208, 0, 0, 76, 0, 0, 21, 0, 0, 7, 0, 1], "bin_edges": [0.0, 0.3333333333333333, 0.6666666666666666, 1.0, 1.3333333333333333, 1.6666666666666665, 2.0, 2.333333333333333, 2.6666666666666665, 3.0, 3.333333333333333, 3.6666666666666665, 4.0, 4.333333333333333, 4.666666666666666, 5.0, 5.333333333333333, 5.666666666666666, 6.0, 6.333333333333333, 6.666666666666666, 7.0, 7.333333333333333, 7.666666666666666, 8.0, 8.333333333333332, 8.666666666666666, 9.0, 9.333333333333332, 9.666666666666666, 10.0]}, "diet_quality": {"counts": [774, 0, 0, 0, 0, 0, 0, 1689, 0, 0, 0, 0, 0, 0, 0, 1746, 0, 0, 0, 0, 0, 0, 671, 0, 0, 0, 0, 0, 0, 120], "bin_edges": [1.0, 1.1333333333333333, 1.2666666666666666, 1.4, 1.5333333333333332, 1.6666666666666665, 1.8, 1.9333333333333333, 2.0666666666666664, 2.2, 2.333333333333333, 2.466666666666667, 2.6, 2.7333333333333334, 2.8666666666666667, 3.0, 3.1333333333333333, 3.2666666666666666, 3.4, 3.533333333333333, 3.6666666666666665, 3.8, 3.933333333333333, 4.066666666666666, 4.2, 4.333333333333334, 4.466666666666667, 4.6, 4.733333333333333, 4.866666666666667, 5.0]}, "healthcare_access": {"counts": [769, 0, 0, 0, 0, 0, 0, 1683, 0, 0, 0, 0, 0, 0, 0, 1768, 0, 0, 0, 0, 0, 0, 655, 0, 0, 0, 0, 0, 0, 125], "bin_edges": [1.0, 1.1333333333333333, 1.2666666666666666, 1.4, 1.5333333333333332, 1.6666666666666665, 1.8, 1.9333333333333333, 2.0666666666666664, 2.2, 2.333333333333333, 2.466666666666667, 2.6, 2.7333333333333334, 2.8666666666666667, 3.0, 3.1333333333333333, 3.2666666666666666, 3.4, 3.533333333333333, 3.6666666666666665, 3.8, 3.933333333333333, 4.066666666666666, 4.2, 4.333333333333334, 4.466666666666667, 4.6, 4.733333333333333, 4.866666666666667, 5.0]}}